{"cameraMode":{"drawMode":0,"name":"Shaded","section":"Shading Mode"},"sceneLighting":false,"audioPlay":false,"sceneViewState":{"showFog":true,"showMaterialUpdate":false,"showSkybox":true,"showFlares":true,"showImageEffects":true,"showParticleSystems":true},"in2DMode":false,"pivot":{"x":154.00245666503907,"y":-17.72833251953125,"z":-34.2398681640625},"rotation":{"x":0.28471383452415469,"y":-0.08240463584661484,"z":0.02457353100180626,"w":0.9547480344772339},"size":148.54055786132813,"orthographic":false}