{"cameraMode":{"drawMode":0,"name":"Shaded","section":"Shading Mode"},"sceneLighting":false,"audioPlay":false,"sceneViewState":{"showFog":true,"showMaterialUpdate":false,"showSkybox":true,"showFlares":true,"showImageEffects":true,"showParticleSystems":true},"in2DMode":false,"pivot":{"x":-3.569999933242798,"y":2.6700000762939455,"z":8.710000038146973},"rotation":{"x":0.24128186702728272,"y":0.16784818470478059,"z":-0.04241197183728218,"w":0.9548881649971008},"size":22.0,"orthographic":false}