{"cameraMode":{"drawMode":0,"name":"Shaded","section":"Shading Mode"},"sceneLighting":false,"audioPlay":false,"sceneViewState":{"showFog":true,"showMaterialUpdate":false,"showSkybox":true,"showFlares":true,"showImageEffects":true,"showParticleSystems":true},"in2DMode":false,"pivot":{"x":-0.025714516639709474,"y":0.40963923931121828,"z":0.08660560846328736},"rotation":{"x":0.24774833023548127,"y":-0.5219753980636597,"z":0.16164374351501466,"w":0.8000211715698242},"size":2.618906259536743,"orthographic":false}