{"cameraMode":{"drawMode":0,"name":"Shaded","section":"Shading Mode"},"sceneLighting":false,"audioPlay":false,"sceneViewState":{"showFog":true,"showMaterialUpdate":false,"showSkybox":true,"showFlares":true,"showImageEffects":true,"showParticleSystems":true},"in2DMode":false,"pivot":{"x":3.733722686767578,"y":0.7311890721321106,"z":3.225896120071411},"rotation":{"x":0.26809415221214297,"y":-0.4900156259536743,"z":0.161468505859375,"w":0.8135958313941956},"size":8.347798347473145,"orthographic":false}