{"cameraMode":{"drawMode":0,"name":"Shaded","section":"Shading Mode"},"sceneLighting":false,"audioPlay":false,"sceneViewState":{"showFog":true,"showMaterialUpdate":false,"showSkybox":true,"showFlares":true,"showImageEffects":true,"showParticleSystems":true},"in2DMode":false,"pivot":{"x":15.144165992736817,"y":0.9337148666381836,"z":14.655195236206055},"rotation":{"x":0.24128186702728272,"y":0.16784818470478059,"z":-0.04241197183728218,"w":0.9548881649971008},"size":18.485742568969728,"orthographic":false}