{"cameraMode":{"drawMode":0,"name":"Shaded","section":"Shading Mode"},"sceneLighting":false,"audioPlay":false,"sceneViewState":{"showFog":true,"showMaterialUpdate":false,"showSkybox":true,"showFlares":true,"showImageEffects":true,"showParticleSystems":true},"in2DMode":false,"pivot":{"x":-0.15000000596046449,"y":0.7136539220809937,"z":4.179999828338623},"rotation":{"x":0.24128186702728272,"y":0.16784818470478059,"z":-0.04241197183728218,"w":0.9548881649971008},"size":3.254387617111206,"orthographic":false}