{"cameraMode":{"drawMode":0,"name":"Shaded","section":"Shading Mode"},"sceneLighting":false,"audioPlay":false,"sceneViewState":{"showFog":true,"showMaterialUpdate":false,"showSkybox":true,"showFlares":true,"showImageEffects":true,"showParticleSystems":true},"in2DMode":false,"pivot":{"x":2.1182804107666017,"y":1.9166600704193116,"z":-0.10333201289176941},"rotation":{"x":0.2551198899745941,"y":-0.3407993018627167,"z":0.09663885086774826,"w":0.8996836543083191},"size":3.60970401763916,"orthographic":false}