{"cameraMode":{"drawMode":0,"name":"Shaded","section":"Shading Mode"},"sceneLighting":false,"audioPlay":false,"sceneViewState":{"showFog":true,"showMaterialUpdate":false,"showSkybox":true,"showFlares":true,"showImageEffects":true,"showParticleSystems":true},"in2DMode":false,"pivot":{"x":1.013744592666626,"y":0.18423032760620118,"z":-0.7962501049041748},"rotation":{"x":0.20918571949005128,"y":0.36899787187576296,"z":-0.08562030643224716,"w":0.9015271067619324},"size":6.108580112457275,"orthographic":false}