{"cameraMode":{"drawMode":0,"name":"Shaded","section":"Shading Mode"},"sceneLighting":false,"audioPlay":false,"sceneViewState":{"showFog":true,"showMaterialUpdate":false,"showSkybox":true,"showFlares":true,"showImageEffects":true,"showParticleSystems":true},"in2DMode":false,"pivot":{"x":0.4939999580383301,"y":11.451000213623047,"z":0.4869999885559082},"rotation":{"x":0.2629450559616089,"y":-0.3172032833099365,"z":0.09200763702392578,"w":0.9065189361572266},"size":40.010372161865237,"orthographic":false}