{"cameraMode":{"drawMode":0,"name":"Shaded","section":"Shading Mode"},"sceneLighting":false,"audioPlay":false,"sceneViewState":{"showFog":true,"showMaterialUpdate":false,"showSkybox":true,"showFlares":true,"showImageEffects":true,"showParticleSystems":true},"in2DMode":false,"pivot":{"x":36.207298278808597,"y":-42.40669250488281,"z":0.11072731018066406},"rotation":{"x":0.14905588328838349,"y":0.2060251086950302,"z":-0.03177012503147125,"w":0.9666057825088501},"size":144.5946044921875,"orthographic":false}