{"cameraMode":{"drawMode":0,"name":"Shaded","section":"Shading Mode"},"sceneLighting":false,"audioPlay":false,"sceneViewState":{"showFog":true,"showMaterialUpdate":false,"showSkybox":true,"showFlares":true,"showImageEffects":true,"showParticleSystems":true},"in2DMode":false,"pivot":{"x":-5.600094318389893,"y":3.390068531036377,"z":-0.041129112243652347},"rotation":{"x":0.24128186702728272,"y":0.16784818470478059,"z":-0.04241197183728218,"w":0.9548881649971008},"size":31.649019241333009,"orthographic":false}