{"cameraMode":{"drawMode":0,"name":"Shaded","section":"Shading Mode"},"sceneLighting":false,"audioPlay":false,"sceneViewState":{"showFog":true,"showMaterialUpdate":false,"showSkybox":true,"showFlares":true,"showImageEffects":true,"showParticleSystems":true},"in2DMode":false,"pivot":{"x":3579.108154296875,"y":-4.9310302734375,"z":2.4119873046875},"rotation":{"x":0.14905588328838349,"y":0.2060251086950302,"z":-0.03177012503147125,"w":0.9666057825088501},"size":12970.9951171875,"orthographic":false}