{"cameraMode":{"drawMode":0,"name":"Shaded","section":"Shading Mode"},"sceneLighting":false,"audioPlay":false,"sceneViewState":{"showFog":true,"showMaterialUpdate":false,"showSkybox":true,"showFlares":true,"showImageEffects":true,"showParticleSystems":true},"in2DMode":false,"pivot":{"x":394.5809631347656,"y":33.943817138671878,"z":204.4002685546875},"rotation":{"x":0.11540922522544861,"y":-0.04974169656634331,"z":0.005786205176264048,"w":0.9920549392700195},"size":924.8587646484375,"orthographic":false}